

<feed xmlns="http://www.w3.org/2005/Atom">
  <id>http://localhost:4002/</id>
  <title>Sudo_apt_install</title>
  <subtitle>A minimal, portfolio, sidebar, bootstrap Jekyll theme with responsive web design and focuses on text presentation.</subtitle>
  <updated>2021-12-16T01:31:03+08:00</updated>
  <author>
    <name>Sudhir Sharma</name>
    <uri>http://localhost:4002/</uri>
  </author>
  <link rel="self" type="application/atom+xml" href="http://localhost:4002/feed.xml"/>
  <link rel="alternate" type="text/html" hreflang="en"
    href="http://localhost:4002/"/>
  <generator uri="https://jekyllrb.com/" version="4.2.1">Jekyll</generator>
  <rights> © 2021 Sudhir Sharma </rights>
  <icon>/assets/img/favicons/favicon.ico</icon>
  <logo>/assets/img/favicons/favicon-96x96.png</logo>


  
  <entry>
    <title>Latex</title>
    <link href="http://localhost:4002/posts/enable-google-pv/" rel="alternate" type="text/html" title="Latex" />
    <published>2021-12-06T07:32:00+08:00</published>
  
    <updated>2021-12-06T07:32:00+08:00</updated>
  
    <id>http://localhost:4002/posts/enable-google-pv/</id>
    <content src="http://localhost:4002/posts/enable-google-pv/" />
    <author>
      <name>{"name"=>"Sudhir Shrama", "link"=>"https://github.com/SilleBille"}</name>
    </author>

  
    
    <category term="Blogging" />
    
    <category term="Tutorial" />
    
  

  
    <summary>
      





      ﻿Beginner’s LaTeX Guide

This guide should be used as a starting point for learning Latex (pronounced \lay-tek”), but is in no way a full manual. There is an enormous amount of documentation on Latex online. In particular, the wikibooks guide is very useful (http://en.wikibooks.org/wiki/LaTeX/Introduction) and contains nearly all the information needed for a beginner. Consult these resources fo...
    </summary>
  

  </entry>

  
  <entry>
    <title>Vim Tutorial</title>
    <link href="http://localhost:4002/posts/customize-the-favicon/" rel="alternate" type="text/html" title="Vim Tutorial" />
    <published>2021-11-30T00:34:00+08:00</published>
  
    <updated>2021-11-30T00:34:00+08:00</updated>
  
    <id>http://localhost:4002/posts/customize-the-favicon/</id>
    <content src="http://localhost:4002/posts/customize-the-favicon/" />
    <author>
      <name>{"name"=>"Cotes Chung", "link"=>"https://github.com/cotes2020"}</name>
    </author>

  
    
    <category term="Blogging" />
    
    <category term="Tutorial" />
    
  

  
    <summary>
      





      ﻿Advanced Vim Tutorial

1  Introduction

Vim is not just an editor. It can be an IDE if used at its best. I have found it more convenient to use than any other word processing tool i have used. With proper knowledge of the countless features provided by vim, one can be much more ecient in whatever editing job, and programming in my case.

Every time i wished for a feature, i found it there in v...
    </summary>
  

  </entry>

  
  <entry>
    <title>Grep,Awk,Sed</title>
    <link href="http://localhost:4002/posts/write-a-new-post/" rel="alternate" type="text/html" title="Grep,Awk,Sed" />
    <published>2021-11-25T14:10:00+08:00</published>
  
    <updated>2021-11-25T14:10:00+08:00</updated>
  
    <id>http://localhost:4002/posts/write-a-new-post/</id>
    <content src="http://localhost:4002/posts/write-a-new-post/" />
    <author>
      <name>{"name"=>"Cotes Chung", "link"=>"https://github.com/cotes2020"}</name>
    </author>

  
    
    <category term="Blogging" />
    
    <category term="Tutorial" />
    
  

  
    <summary>
      





      ﻿grep, awk and sed

– three VERY useful command-line utilities Matt Probert, Uni of York

grep = global regular expression print

In the simplest terms, grep (global regular expression print) will search input files for a search string, and print the lines that match it. Beginning at the first line in the file, grep copies a line into a buffer, compares it against the search string, and if the ...
    </summary>
  

  </entry>

  
  <entry>
    <title>Shell Scripting</title>
    <link href="http://localhost:4002/posts/getting-started/" rel="alternate" type="text/html" title="Shell Scripting" />
    <published>2021-11-22T20:55:00+08:00</published>
  
    <updated>2021-11-22T20:55:00+08:00</updated>
  
    <id>http://localhost:4002/posts/getting-started/</id>
    <content src="http://localhost:4002/posts/getting-started/" />
    <author>
      <name>{"name"=>"cs100", "link"=>"https://github.com/cotes2020"}</name>
    </author>

  
    
    <category term="Blogging" />
    
    <category term="Tutorial" />
    
  

  
    <summary>
      





      The Shell and Shell Scripting

In this lecture


  The UNIX shell
  Simple Shell Scripts
  Shell variables
  File System commands, IO commands, IO redirection
  Command Line Arguments
  Evaluating Expr in Shell
  Predicates, operators for testing strings, ints and files
  If-then-else in Shell
  The for, while and do loop in Shell
  Writing Shell scripts
  Exercises


In this course, we need to...
    </summary>
  

  </entry>

  
  <entry>
    <title>Markdown</title>
    <link href="http://localhost:4002/posts/text-and-typography/" rel="alternate" type="text/html" title="Markdown" />
    <published>2020-12-08T11:33:00+08:00</published>
  
    <updated>2020-12-08T11:33:00+08:00</updated>
  
    <id>http://localhost:4002/posts/text-and-typography/</id>
    <content src="http://localhost:4002/posts/text-and-typography/" />
    <author>
      <name>{"name"=>"CS100", "link"=>"https://github.com/cotes2020"}</name>
    </author>

  
    
    <category term="Blogging" />
    
    <category term="Demo" />
    
  

  
    <summary>
      





      This post is to show Markdown syntax rendering on Chirpy, you can also use it as an example of writing. Now, let’s start looking at text and typography.

Titles

H1 - heading

H2 - heading

H3 - heading

H4 - heading



Paragraph

I wandered lonely as a cloud

That floats on high o’er vales and hills,

When all at once I saw a crowd,

A host, of golden daffodils;

Beside the lake, beneath the t...
    </summary>
  

  </entry>

</feed>


